status,global_index,category,family,scheme,description,parameter_name,parameter_value,variant_index,is_control,mean_full_acc,mean_in_acc,mean_out_acc,support_loss,validation_loss,top_weights,art_painting_full_acc,mean_full_acc,mean_in_acc,mean_out_acc,test_env0_in_acc,test_env0_out_acc
success,647,subspace,soup_marginal_contribution,soup_marginal_contribution__power_2p0,Prefer checkpoints with large marginal contribution to the leave-one-out committee.,power,2.0,6,False,0.88720703125,0.884685784014643,0.8973105134474327,0.1261562060952039,0.07675844042741951,"[{'index': 23, 'rank': 1, 'step': 13950, 'weight': 0.1552472012618817}, {'index': 22, 'rank': 2, 'step': 8000, 'weight': 0.1307301197600998}, {'index': 17, 'rank': 3, 'step': 4550, 'weight': 0.098330540373157}, {'index': 9, 'rank': 4, 'step': 1250, 'weight': 0.0956739122204047}, {'index': 19, 'rank': 5, 'step': 6650, 'weight': 0.08911464113560362}]",0.88720703125,0.88720703125,0.884685784014643,0.8973105134474327,0.884685784014643,0.8973105134474327
success,623,subspace,redundancy_guarded_pivotality,redundancy_guarded_pivotality__alpha_0p15,Prefer pivotal checkpoints while suppressing redundant ones.,alpha,0.15,2,False,0.88671875,0.8828553996339231,0.902200488997555,0.11746189671607972,0.0727390170942585,"[{'index': 23, 'rank': 1, 'step': 13950, 'weight': 0.0917853605751979}, {'index': 22, 'rank': 2, 'step': 8000, 'weight': 0.08550738420606724}, {'index': 17, 'rank': 3, 'step': 4550, 'weight': 0.07794322093359146}, {'index': 9, 'rank': 4, 'step': 1250, 'weight': 0.07037284050036734}, {'index': 19, 'rank': 5, 'step': 6650, 'weight': 0.07029120326636444}]",0.88671875,0.88671875,0.8828553996339231,0.902200488997555,0.8828553996339231,0.902200488997555
success,693,trajectory,phase_canceling_pair,phase_canceling_pair__temperature_0p02,Prefer checkpoints whose residual error pattern cancels other family members.,temperature,0.02,2,False,0.88427734375,0.8785845027455765,0.9070904645476773,0.1294040328334316,0.06712907053404997,"[{'index': 17, 'rank': 1, 'step': 4550, 'weight': 0.3448383031361209}, {'index': 3, 'rank': 2, 'step': 600, 'weight': 0.3448383031361209}, {'index': 11, 'rank': 3, 'step': 1550, 'weight': 0.058613616731202293}, {'index': 23, 'rank': 4, 'step': 13950, 'weight': 0.058613616731202293}, {'index': 22, 'rank': 5, 'step': 8000, 'weight': 0.05191575107819946}]",0.88427734375,0.88427734375,0.8785845027455765,0.9070904645476773,0.8785845027455765,0.9070904645476773
success,0,control,recovered_dcola_pool_graphdiff,recovered_dcola_pool_graphdiff__control_1,Recovered non-uniform weight vector from the stable 88.43 D-COLA+pool-graphdiff replay.,control,1.0,0,True,0.88427734375,0.8798047589993899,0.902200488997555,0.1188832552521804,0.09458362555303493,"[{'index': 0, 'rank': 1, 'step': 250, 'weight': 0.24705599571912512}, {'index': 23, 'rank': 2, 'step': 13950, 'weight': 0.15411614264695858}, {'index': 4, 'rank': 3, 'step': 650, 'weight': 0.09751010679452639}, {'index': 22, 'rank': 4, 'step': 8000, 'weight': 0.08265181290357336}, {'index': 6, 'rank': 5, 'step': 900, 'weight': 0.07590986587255207}]",0.88427734375,0.88427734375,0.8798047589993899,0.902200488997555,0.8798047589993899,0.902200488997555
success,33,blend,pivotality_shift_guard,pivotality_shift_guard__alpha_0p15,"Prefer pivotal checkpoints, but penalize source-mixture sensitivity.",alpha,0.15,2,False,0.88427734375,0.8798047589993899,0.902200488997555,0.1279976505729178,0.0676666969636909,"[{'index': 12, 'rank': 1, 'step': 2050, 'weight': 0.11135701626075865}, {'index': 23, 'rank': 2, 'step': 13950, 'weight': 0.10903046412484416}, {'index': 1, 'rank': 3, 'step': 350, 'weight': 0.09139715277664981}, {'index': 17, 'rank': 4, 'step': 4550, 'weight': 0.09047245025390349}, {'index': 22, 'rank': 5, 'step': 8000, 'weight': 0.08769810489796274}]",0.88427734375,0.88427734375,0.8798047589993899,0.902200488997555,0.8798047589993899,0.902200488997555
success,535,error_structure,hard_example_committee,hard_example_committee__temperature_0p04,Prefer checkpoints that improve the hardest support examples.,temperature,0.04,4,False,0.8837890625,0.8822452715070165,0.8899755501222494,0.14707565090588012,0.07644738980075892,"[{'index': 22, 'rank': 1, 'step': 8000, 'weight': 0.16920764209319267}, {'index': 23, 'rank': 2, 'step': 13950, 'weight': 0.10975077974618692}, {'index': 11, 'rank': 3, 'step': 1550, 'weight': 0.08690322342469982}, {'index': 9, 'rank': 4, 'step': 1250, 'weight': 0.07292288990933757}, {'index': 14, 'rank': 5, 'step': 3000, 'weight': 0.06679197908328896}]",0.8837890625,0.8837890625,0.8822452715070165,0.8899755501222494,0.8822452715070165,0.8899755501222494
success,658,trajectory,acceleration_minimizer,acceleration_minimizer__power_3p0,Prefer checkpoints with low second-derivative norm in prediction space.,power,3.0,7,False,0.88330078125,0.8810250152532032,0.8924205378973105,0.10561961796332543,0.057773200239391385,"[{'index': 0, 'rank': 1, 'step': 250, 'weight': 0.2061422317154614}, {'index': 23, 'rank': 2, 'step': 13950, 'weight': 0.13369317213580795}, {'index': 13, 'rank': 3, 'step': 2100, 'weight': 0.03701396352940629}, {'index': 1, 'rank': 4, 'step': 350, 'weight': 0.03668196192797997}, {'index': 15, 'rank': 5, 'step': 3400, 'weight': 0.03616505594240667}]",0.88330078125,0.88330078125,0.8810250152532032,0.8924205378973105,0.8810250152532032,0.8924205378973105
success,237,consensus,leave_one_out_pivotality,leave_one_out_pivotality__power_2p0,Prefer checkpoints whose removal hurts the uniform committee the most.,power,2.0,6,False,0.8828125,0.8779743746186699,0.902200488997555,0.14493157650225877,0.07243515795268932,"[{'index': 12, 'rank': 1, 'step': 2050, 'weight': 0.18153866433009727}, {'index': 23, 'rank': 2, 'step': 13950, 'weight': 0.1503770556775637}, {'index': 1, 'rank': 3, 'step': 350, 'weight': 0.12416266601635208}, {'index': 17, 'rank': 4, 'step': 4550, 'weight': 0.1237033993009436}, {'index': 22, 'rank': 5, 'step': 8000, 'weight': 0.10581496127951669}]",0.8828125,0.8828125,0.8779743746186699,0.902200488997555,0.8779743746186699,0.902200488997555
success,29,blend,denoised_residual_committee,denoised_residual_committee__alpha_0p75,Prefer checkpoints whose low-rank-denoised projection quality aligns with committee residual correction.,alpha,0.75,8,False,0.8828125,0.8804148871262966,0.8924205378973105,0.1233906432865548,0.054660049462769214,"[{'index': 8, 'rank': 1, 'step': 1000, 'weight': 0.09690732976462177}, {'index': 23, 'rank': 2, 'step': 13950, 'weight': 0.09337556646861413}, {'index': 21, 'rank': 3, 'step': 7450, 'weight': 0.08405239678783709}, {'index': 19, 'rank': 4, 'step': 6650, 'weight': 0.0813608802625691}, {'index': 1, 'rank': 5, 'step': 350, 'weight': 0.06429207654885745}]",0.8828125,0.8828125,0.8804148871262966,0.8924205378973105,0.8804148871262966,0.8924205378973105
success,186,cluster,community_quality_balance,community_quality_balance__alpha_0p4,"Allocate mass across communities, then rank members by community-level validation quality.",alpha,0.4,5,False,0.88232421875,0.8785845027455765,0.8973105134474327,0.1348101858428531,0.092063246748778,"[{'index': 17, 'rank': 1, 'step': 4550, 'weight': 0.22191082375083618}, {'index': 10, 'rank': 2, 'step': 1300, 'weight': 0.11348752971931947}, {'index': 4, 'rank': 3, 'step': 650, 'weight': 0.11348752971931947}, {'index': 23, 'rank': 4, 'step': 13950, 'weight': 0.026243529371929752}, {'index': 20, 'rank': 5, 'step': 6800, 'weight': 0.026243529371929752}]",0.88232421875,0.88232421875,0.8785845027455765,0.8973105134474327,0.8785845027455765,0.8973105134474327
success,444,domain,hard_gain_worst_domain_tradeoff,hard_gain_worst_domain_tradeoff__alpha_0p2,Prefer checkpoints that rescue hard examples without blowing up the worst source domain.,alpha,0.2,3,False,0.88232421875,0.8791946308724832,0.8948655256723717,0.12818160652946664,0.06305743028417606,"[{'index': 23, 'rank': 1, 'step': 13950, 'weight': 0.0639468696893707}, {'index': 9, 'rank': 2, 'step': 1250, 'weight': 0.06274026381046302}, {'index': 8, 'rank': 3, 'step': 1000, 'weight': 0.062210056549861864}, {'index': 11, 'rank': 4, 'step': 1550, 'weight': 0.05952166240580923}, {'index': 12, 'rank': 5, 'step': 2050, 'weight': 0.055371207938784126}]",0.88232421875,0.88232421875,0.8791946308724832,0.8948655256723717,0.8791946308724832,0.8948655256723717
success,45,blend,residual_calibration_guard,residual_calibration_guard__alpha_0p3,Prefer residual-correcting checkpoints that also remain calibrated.,alpha,0.3,4,False,0.88232421875,0.8798047589993899,0.8924205378973105,0.1262992790771915,0.08595230305144767,"[{'index': 1, 'rank': 1, 'step': 350, 'weight': 0.09837728118300106}, {'index': 22, 'rank': 2, 'step': 8000, 'weight': 0.08150193641653139}, {'index': 21, 'rank': 3, 'step': 7450, 'weight': 0.06791111826459102}, {'index': 12, 'rank': 4, 'step': 2050, 'weight': 0.06643416866960004}, {'index': 23, 'rank': 5, 'step': 13950, 'weight': 0.05643228328638948}]",0.88232421875,0.88232421875,0.8798047589993899,0.8924205378973105,0.8798047589993899,0.8924205378973105
success,166,cluster,community_minority_committee,community_minority_committee__alpha_0p4,Prefer underrepresented communities while still favoring individually strong members.,alpha,0.4,5,False,0.88232421875,0.8798047589993899,0.8924205378973105,0.13777938401318154,0.07683306565789991,"[{'index': 17, 'rank': 1, 'step': 4550, 'weight': 0.21929510659275753}, {'index': 4, 'rank': 2, 'step': 650, 'weight': 0.12586480711780867}, {'index': 10, 'rank': 3, 'step': 1300, 'weight': 0.1054542185808537}, {'index': 8, 'rank': 4, 'step': 1000, 'weight': 0.04617903625995417}, {'index': 12, 'rank': 5, 'step': 2050, 'weight': 0.04126565351640976}]",0.88232421875,0.88232421875,0.8798047589993899,0.8924205378973105,0.8798047589993899,0.8924205378973105
success,456,domain,residual_shift_compromise,residual_shift_compromise__alpha_0p4,Prefer checkpoints that both correct the committee residual and oppose the family source-domain residual.,alpha,0.4,5,False,0.88232421875,0.8804148871262966,0.8899755501222494,0.12639024979447483,0.050349402233582585,"[{'index': 2, 'rank': 1, 'step': 450, 'weight': 0.08450252151745616}, {'index': 18, 'rank': 2, 'step': 5100, 'weight': 0.08387135484178901}, {'index': 23, 'rank': 3, 'step': 13950, 'weight': 0.07565671573283872}, {'index': 0, 'rank': 4, 'step': 250, 'weight': 0.07269800846591006}, {'index': 8, 'rank': 5, 'step': 1000, 'weight': 0.061587451384887464}]",0.88232421875,0.88232421875,0.8804148871262966,0.8899755501222494,0.8804148871262966,0.8899755501222494
success,273,consensus,residual_redundancy_balance,residual_redundancy_balance__alpha_0p15,Balance residual correction against redundancy penalties.,alpha,0.15,2,False,0.8818359375,0.8791946308724832,0.8924205378973105,0.11308553038646142,0.0758972338267735,"[{'index': 22, 'rank': 1, 'step': 8000, 'weight': 0.0853823936193116}, {'index': 1, 'rank': 2, 'step': 350, 'weight': 0.08533769352905321}, {'index': 21, 'rank': 3, 'step': 7450, 'weight': 0.07281252562211953}, {'index': 23, 'rank': 4, 'step': 13950, 'weight': 0.05964987350541246}, {'index': 15, 'rank': 5, 'step': 3400, 'weight': 0.05672931956128147}]",0.8818359375,0.8818359375,0.8791946308724832,0.8924205378973105,0.8791946308724832,0.8924205378973105
success,604,subspace,orthant_coverage,orthant_coverage__power_1p0,Prefer checkpoints occupying rare principal-sign patterns.,power,1.0,3,False,0.8818359375,0.8804148871262966,0.8875305623471883,0.14603905152935204,0.07635771943365827,"[{'index': 17, 'rank': 1, 'step': 4550, 'weight': 0.37499999999600003}, {'index': 4, 'rank': 2, 'step': 650, 'weight': 0.124999999999}, {'index': 1, 'rank': 3, 'step': 350, 'weight': 0.124999999999}, {'index': 12, 'rank': 4, 'step': 2050, 'weight': 0.124999999999}, {'index': 6, 'rank': 5, 'step': 900, 'weight': 0.124999999999}]",0.8818359375,0.8818359375,0.8804148871262966,0.8875305623471883,0.8804148871262966,0.8875305623471883
success,400,domain,boundary_gain_domain_guard,boundary_gain_domain_guard__alpha_0p9,Prefer checkpoints that improve boundary examples without large source-domain imbalance.,alpha,0.9,9,False,0.88134765625,0.8785845027455765,0.8924205378973105,0.13608753814552277,0.0771013766335433,"[{'index': 22, 'rank': 1, 'step': 8000, 'weight': 0.08165532953770009}, {'index': 21, 'rank': 2, 'step': 7450, 'weight': 0.0669995576271868}, {'index': 15, 'rank': 3, 'step': 3400, 'weight': 0.06557846119618574}, {'index': 19, 'rank': 4, 'step': 6650, 'weight': 0.061198053664593396}, {'index': 11, 'rank': 5, 'step': 1550, 'weight': 0.05739062987518869}]",0.88134765625,0.88134765625,0.8785845027455765,0.8924205378973105,0.8785845027455765,0.8924205378973105
success,257,consensus,redundancy_penalized_quality,redundancy_penalized_quality__power_2p0,Prefer accurate checkpoints that are not redundant with highly similar peers.,power,2.0,6,False,0.88134765625,0.8791946308724832,0.8899755501222494,0.10142142457248765,0.09039585956004488,"[{'index': 1, 'rank': 1, 'step': 350, 'weight': 0.12269416379510656}, {'index': 19, 'rank': 2, 'step': 6650, 'weight': 0.08420755445986955}, {'index': 23, 'rank': 3, 'step': 13950, 'weight': 0.08342512586476211}, {'index': 12, 'rank': 4, 'step': 2050, 'weight': 0.08052698337454442}, {'index': 15, 'rank': 5, 'step': 3400, 'weight': 0.07142112846750137}]",0.88134765625,0.88134765625,0.8791946308724832,0.8899755501222494,0.8791946308724832,0.8899755501222494
success,544,error_structure,tail_rescue_guardrail,tail_rescue_guardrail__alpha_0p2,Reward hard-example gains while guarding against damage on easy examples.,alpha,0.2,3,False,0.880859375,0.8767541183648566,0.8973105134474327,0.13544637794354067,0.094440740008815,"[{'index': 23, 'rank': 1, 'step': 13950, 'weight': 0.07247912347050796}, {'index': 9, 'rank': 2, 'step': 1250, 'weight': 0.0634150329511825}, {'index': 17, 'rank': 3, 'step': 4550, 'weight': 0.05853378256128139}, {'index': 8, 'rank': 4, 'step': 1000, 'weight': 0.0584896669339529}, {'index': 19, 'rank': 5, 'step': 6650, 'weight': 0.05736546629941763}]",0.880859375,0.880859375,0.8767541183648566,0.8973105134474327,0.8767541183648566,0.8973105134474327
success,466,domain,source_mix_insensitivity,source_mix_insensitivity__power_1p5,Prefer checkpoints whose source-domain score is stable across different source-mixture weightings.,power,1.5,5,False,0.880859375,0.8773642464917633,0.8948655256723717,0.12079663480305919,0.08717856872357241,"[{'index': 23, 'rank': 1, 'step': 13950, 'weight': 0.09976393880981693}, {'index': 18, 'rank': 2, 'step': 5100, 'weight': 0.09763675418985868}, {'index': 21, 'rank': 3, 'step': 7450, 'weight': 0.07959784720481437}, {'index': 16, 'rank': 4, 'step': 4100, 'weight': 0.07340429434876493}, {'index': 0, 'rank': 5, 'step': 250, 'weight': 0.060189474943425775}]",0.880859375,0.880859375,0.8773642464917633,0.8948655256723717,0.8773642464917633,0.8948655256723717
success,20,blend,confusion_fringe_committee,confusion_fringe_committee__alpha_0p9,Prefer checkpoints whose confusion pattern complements the family while still expanding the family envelope.,alpha,0.9,9,False,0.880859375,0.8779743746186699,0.8924205378973105,0.12194940435736164,0.06693406653504412,"[{'index': 10, 'rank': 1, 'step': 1300, 'weight': 0.09866584591391123}, {'index': 3, 'rank': 2, 'step': 600, 'weight': 0.09704386305297442}, {'index': 6, 'rank': 3, 'step': 900, 'weight': 0.092322166874694}, {'index': 4, 'rank': 4, 'step': 650, 'weight': 0.08163012434527303}, {'index': 0, 'rank': 5, 'step': 250, 'weight': 0.056285595567727616}]",0.880859375,0.880859375,0.8779743746186699,0.8924205378973105,0.8779743746186699,0.8924205378973105
success,492,error_structure,boundary_example_emphasis,boundary_example_emphasis__temperature_0p015,Prefer checkpoints that improve confidence on near-boundary support examples.,temperature,0.015,1,False,0.880859375,0.8779743746186699,0.8924205378973105,0.13871185316806484,0.08039787637085474,"[{'index': 22, 'rank': 1, 'step': 8000, 'weight': 0.12454633341209254}, {'index': 23, 'rank': 2, 'step': 13950, 'weight': 0.11474324530267745}, {'index': 13, 'rank': 3, 'step': 2100, 'weight': 0.10636759667346427}, {'index': 9, 'rank': 4, 'step': 1250, 'weight': 0.07242460753350512}, {'index': 8, 'rank': 5, 'step': 1000, 'weight': 0.060195843881066524}]",0.880859375,0.880859375,0.8779743746186699,0.8924205378973105,0.8779743746186699,0.8924205378973105
success,631,subspace,residual_to_uniform_soup,residual_to_uniform_soup__temperature_0p01,Prefer checkpoints that correct the uniform committee residual directly.,temperature,0.01,0,False,0.880859375,0.8779743746186699,0.8924205378973105,0.10636342928806046,0.06538651169849043,"[{'index': 22, 'rank': 1, 'step': 8000, 'weight': 0.06739345006981197}, {'index': 9, 'rank': 2, 'step': 1250, 'weight': 0.05558486121551552}, {'index': 17, 'rank': 3, 'step': 4550, 'weight': 0.05295481339904344}, {'index': 23, 'rank': 4, 'step': 13950, 'weight': 0.05180524501786607}, {'index': 21, 'rank': 5, 'step': 7450, 'weight': 0.05130916533496092}]",0.880859375,0.880859375,0.8779743746186699,0.8924205378973105,0.8779743746186699,0.8924205378973105
success,90,calibration,overconfidence_suppressor,overconfidence_suppressor__power_6p0,Prefer checkpoints that stay cautious when they are wrong.,power,6.0,9,False,0.880859375,0.8785845027455765,0.8899755501222494,0.12915300720720865,0.09404661255974729,"[{'index': 1, 'rank': 1, 'step': 350, 'weight': 0.08238379472663018}, {'index': 2, 'rank': 2, 'step': 450, 'weight': 0.06541400098646097}, {'index': 0, 'rank': 3, 'step': 250, 'weight': 0.05493823629689618}, {'index': 10, 'rank': 4, 'step': 1300, 'weight': 0.05042006782072667}, {'index': 23, 'rank': 5, 'step': 13950, 'weight': 0.047742196080295264}]",0.880859375,0.880859375,0.8785845027455765,0.8899755501222494,0.8785845027455765,0.8899755501222494
success,570,robustness,domain_entropy_parity,domain_entropy_parity__temperature_0p2,Prefer checkpoints with balanced source-domain competence rather than one-domain collapse.,temperature,0.2,9,False,0.88037109375,0.8779743746186699,0.8899755501222494,0.11672160968278358,0.09890511981015947,"[{'index': 18, 'rank': 1, 'step': 5100, 'weight': 0.09911890312412394}, {'index': 23, 'rank': 2, 'step': 13950, 'weight': 0.0944438053241301}, {'index': 17, 'rank': 3, 'step': 4550, 'weight': 0.09041988142020821}, {'index': 16, 'rank': 4, 'step': 4100, 'weight': 0.08768312606061332}, {'index': 21, 'rank': 5, 'step': 7450, 'weight': 0.07039870451036938}]",0.88037109375,0.88037109375,0.8779743746186699,0.8899755501222494,0.8779743746186699,0.8899755501222494
success,214,consensus,fringe_protected_consensus,fringe_protected_consensus__alpha_0p2,Blend consensus centrality with centroid outlier mass to avoid hub collapse.,alpha,0.2,3,False,0.8798828125,0.87614399023795,0.8948655256723717,0.13308535289592727,0.06418876875849332,"[{'index': 20, 'rank': 1, 'step': 6800, 'weight': 0.11986906342649527}, {'index': 17, 'rank': 2, 'step': 4550, 'weight': 0.11309236064138109}, {'index': 21, 'rank': 3, 'step': 7450, 'weight': 0.047124631009118845}, {'index': 5, 'rank': 4, 'step': 850, 'weight': 0.04441271931359586}, {'index': 1, 'rank': 5, 'step': 350, 'weight': 0.035550058111145234}]",0.8798828125,0.8798828125,0.87614399023795,0.8948655256723717,0.87614399023795,0.8948655256723717
success,74,calibration,ece_minimizer,ece_minimizer__power_1p0,Prefer checkpoints with low expected calibration error.,power,1.0,3,False,0.8798828125,0.8779743746186699,0.8875305623471883,0.11502866943230187,0.0662189357827942,"[{'index': 2, 'rank': 1, 'step': 450, 'weight': 0.09137055494369922}, {'index': 1, 'rank': 2, 'step': 350, 'weight': 0.0872579826601316}, {'index': 0, 'rank': 3, 'step': 250, 'weight': 0.05518064982419509}, {'index': 16, 'rank': 4, 'step': 4100, 'weight': 0.04930193815838616}, {'index': 15, 'rank': 5, 'step': 3400, 'weight': 0.04743623862565087}]",0.8798828125,0.8798828125,0.8779743746186699,0.8875305623471883,0.8779743746186699,0.8875305623471883
success,193,consensus,anti_consensus_complement,anti_consensus_complement__temperature_0p02,Prefer checkpoints that move toward the truth where the consensus is wrong.,temperature,0.02,2,False,0.8798828125,0.8779743746186699,0.8875305623471883,0.11646605773244646,0.06663869784659698,"[{'index': 1, 'rank': 1, 'step': 350, 'weight': 0.05173112056153713}, {'index': 3, 'rank': 2, 'step': 600, 'weight': 0.048085935116306294}, {'index': 21, 'rank': 3, 'step': 7450, 'weight': 0.04650349925777433}, {'index': 22, 'rank': 4, 'step': 8000, 'weight': 0.04516446614867791}, {'index': 10, 'rank': 5, 'step': 1300, 'weight': 0.044813456874001796}]",0.8798828125,0.8798828125,0.8779743746186699,0.8875305623471883,0.8779743746186699,0.8875305623471883
success,437,domain,hard_domain_bridge,hard_domain_bridge__temperature_0p07,Prefer checkpoints that narrow the gap between the two hardest source domains instead of specializing in one.,temperature,0.07,6,False,0.8798828125,0.8779743746186699,0.8875305623471883,0.12439610971712937,0.08037456588334396,"[{'index': 0, 'rank': 1, 'step': 250, 'weight': 0.0774543897880432}, {'index': 1, 'rank': 2, 'step': 350, 'weight': 0.07478772883662255}, {'index': 17, 'rank': 3, 'step': 4550, 'weight': 0.07124642779626912}, {'index': 16, 'rank': 4, 'step': 4100, 'weight': 0.07051720165214419}, {'index': 13, 'rank': 5, 'step': 2100, 'weight': 0.060864686123139417}]",0.8798828125,0.8798828125,0.8779743746186699,0.8875305623471883,0.8779743746186699,0.8875305623471883
success,480,domain,source_pair_bridge_guardrail,source_pair_bridge_guardrail__alpha_0p9,Prefer checkpoints that bridge hard domains while remaining insensitive to source-mixture reweighting.,alpha,0.9,9,False,0.8798828125,0.8779743746186699,0.8875305623471883,0.1140188493947796,0.06461167066287593,"[{'index': 0, 'rank': 1, 'step': 250, 'weight': 0.08624419883396485}, {'index': 15, 'rank': 2, 'step': 3400, 'weight': 0.07200859022435815}, {'index': 22, 'rank': 3, 'step': 8000, 'weight': 0.07179744347290912}, {'index': 21, 'rank': 4, 'step': 7450, 'weight': 0.06586258525236365}, {'index': 11, 'rank': 5, 'step': 1550, 'weight': 0.06064347311681375}]",0.8798828125,0.8798828125,0.8779743746186699,0.8875305623471883,0.8779743746186699,0.8875305623471883
success,670,trajectory,early_mid_late_parity,early_mid_late_parity__alpha_0p9,"Equalize mass across early, middle, and late phases before ranking within each phase.",alpha,0.9,9,False,0.8798828125,0.8779743746186699,0.8875305623471883,0.12416075530162703,0.05230432247915188,"[{'index': 23, 'rank': 1, 'step': 13950, 'weight': 0.08129685369393398}, {'index': 8, 'rank': 2, 'step': 1000, 'weight': 0.0753270038499261}, {'index': 5, 'rank': 3, 'step': 850, 'weight': 0.058378033534061326}, {'index': 2, 'rank': 4, 'step': 450, 'weight': 0.05282094634423888}, {'index': 11, 'rank': 5, 'step': 1550, 'weight': 0.05143158649831776}]",0.8798828125,0.8798828125,0.8779743746186699,0.8875305623471883,0.8779743746186699,0.8875305623471883
success,58,calibration,brier_minimizer,brier_minimizer__power_3p0,Prefer checkpoints with low Brier score on support labels.,power,3.0,7,False,0.8798828125,0.8785845027455765,0.8850855745721271,0.11843747163022106,0.06843882043916388,"[{'index': 2, 'rank': 1, 'step': 450, 'weight': 0.0840102383508094}, {'index': 16, 'rank': 2, 'step': 4100, 'weight': 0.05803491224925028}, {'index': 1, 'rank': 3, 'step': 350, 'weight': 0.056984873322899324}, {'index': 23, 'rank': 4, 'step': 13950, 'weight': 0.055805410303019505}, {'index': 15, 'rank': 5, 'step': 3400, 'weight': 0.05570048159735771}]",0.8798828125,0.8798828125,0.8785845027455765,0.8850855745721271,0.8785845027455765,0.8850855745721271
success,180,cluster,community_periphery_committee,community_periphery_committee__power_6p0,Prefer checkpoints that occupy the periphery of their communities.,power,6.0,9,False,0.8798828125,0.8785845027455765,0.8850855745721271,0.11837801858983954,0.07209645725097977,"[{'index': 10, 'rank': 1, 'step': 1300, 'weight': 0.10870953839003354}, {'index': 3, 'rank': 2, 'step': 600, 'weight': 0.07091061188758037}, {'index': 23, 'rank': 3, 'step': 13950, 'weight': 0.06814350149576026}, {'index': 21, 'rank': 4, 'step': 7450, 'weight': 0.06687988556519012}, {'index': 0, 'rank': 5, 'step': 250, 'weight': 0.06666905059516912}]",0.8798828125,0.8798828125,0.8785845027455765,0.8850855745721271,0.8785845027455765,0.8850855745721271
success,674,trajectory,endpoint_bridge,endpoint_bridge__alpha_0p2,Prefer checkpoints that bridge the early and late ends of the family.,alpha,0.2,3,False,0.8798828125,0.8810250152532032,0.8753056234718827,0.13611533345937943,0.0849892364799225,"[{'index': 23, 'rank': 1, 'step': 13950, 'weight': 0.19999999999999996}, {'index': 0, 'rank': 2, 'step': 250, 'weight': 0.09846381800119874}, {'index': 1, 'rank': 3, 'step': 350, 'weight': 0.09746419396077}, {'index': 2, 'rank': 4, 'step': 450, 'weight': 0.09452580105089375}, {'index': 3, 'rank': 5, 'step': 600, 'weight': 0.08689401440271122}]",0.8798828125,0.8798828125,0.8810250152532032,0.8753056234718827,0.8810250152532032,0.8753056234718827
success,6,blend,boundary_entropy_compromise,boundary_entropy_compromise__alpha_0p4,Prefer checkpoints that improve boundary examples while staying broad across source domains.,alpha,0.4,5,False,0.87939453125,0.8755338621110433,0.8948655256723717,0.12310252119020017,0.06674320416665878,"[{'index': 23, 'rank': 1, 'step': 13950, 'weight': 0.07474944441339769}, {'index': 16, 'rank': 2, 'step': 4100, 'weight': 0.06856211562012296}, {'index': 15, 'rank': 3, 'step': 3400, 'weight': 0.06474656707764931}, {'index': 22, 'rank': 4, 'step': 8000, 'weight': 0.058623790605566425}, {'index': 18, 'rank': 5, 'step': 5100, 'weight': 0.05849402490354306}]",0.87939453125,0.87939453125,0.8755338621110433,0.8948655256723717,0.8755338621110433,0.8948655256723717
success,528,error_structure,difficulty_slice_equalizer,difficulty_slice_equalizer__power_3p0,Prefer checkpoints with balanced losses across example-difficulty deciles.,power,3.0,7,False,0.87939453125,0.87614399023795,0.8924205378973105,0.12246431114569534,0.09994911321071016,"[{'index': 0, 'rank': 1, 'step': 250, 'weight': 0.10332631896666604}, {'index': 1, 'rank': 2, 'step': 350, 'weight': 0.0832446127264184}, {'index': 8, 'rank': 3, 'step': 1000, 'weight': 0.06379821105242924}, {'index': 9, 'rank': 4, 'step': 1250, 'weight': 0.05489548359923368}, {'index': 3, 'rank': 5, 'step': 600, 'weight': 0.05232722390337724}]",0.87939453125,0.87939453125,0.87614399023795,0.8924205378973105,0.87614399023795,0.8924205378973105
success,265,consensus,residual_correction,residual_correction__temperature_0p04,Prefer checkpoints aligned with the uniform committee residual on support labels.,temperature,0.04,4,False,0.87939453125,0.8767541183648566,0.8899755501222494,0.12073585797272267,0.06882191587145589,"[{'index': 1, 'rank': 1, 'step': 350, 'weight': 0.04711922796723093}, {'index': 22, 'rank': 2, 'step': 8000, 'weight': 0.04672888069039935}, {'index': 21, 'rank': 3, 'step': 7450, 'weight': 0.04500989591629918}, {'index': 23, 'rank': 4, 'step': 13950, 'weight': 0.04377963648988206}, {'index': 12, 'rank': 5, 'step': 2050, 'weight': 0.043742816294959276}]",0.87939453125,0.87939453125,0.8767541183648566,0.8899755501222494,0.8767541183648566,0.8899755501222494
success,418,domain,entropy_jackknife_compromise,entropy_jackknife_compromise__alpha_0p6,Prefer checkpoints with balanced domain competence that remain stable under leave-one-domain-out perturbations.,alpha,0.6,7,False,0.87939453125,0.8767541183648566,0.8899755501222494,0.13609222583154185,0.08289884556742276,"[{'index': 18, 'rank': 1, 'step': 5100, 'weight': 0.06657414238513762}, {'index': 16, 'rank': 2, 'step': 4100, 'weight': 0.06615391648850004}, {'index': 23, 'rank': 3, 'step': 13950, 'weight': 0.06483715820178332}, {'index': 21, 'rank': 4, 'step': 7450, 'weight': 0.061874049674943817}, {'index': 17, 'rank': 5, 'step': 4550, 'weight': 0.0610472516180776}]",0.87939453125,0.87939453125,0.8767541183648566,0.8899755501222494,0.8767541183648566,0.8899755501222494
success,63,calibration,classwise_calibration_parity,classwise_calibration_parity__power_0p75,Prefer checkpoints with balanced calibration across classes.,power,0.75,2,False,0.87939453125,0.8773642464917633,0.8875305623471883,0.12970801122976144,0.08781954132709183,"[{'index': 12, 'rank': 1, 'step': 2050, 'weight': 0.0549939581602322}, {'index': 2, 'rank': 2, 'step': 450, 'weight': 0.047887987435191424}, {'index': 1, 'rank': 3, 'step': 350, 'weight': 0.04590244258162011}, {'index': 9, 'rank': 4, 'step': 1250, 'weight': 0.04444369981371913}, {'index': 8, 'rank': 5, 'step': 1000, 'weight': 0.044160586826839536}]",0.87939453125,0.87939453125,0.8773642464917633,0.8875305623471883,0.8773642464917633,0.8875305623471883
success,115,cluster,community_core_committee,community_core_committee__power_1p25,Prefer checkpoints that sit close to community centers in trajectory space.,power,1.25,4,False,0.87939453125,0.8773642464917633,0.8875305623471883,0.12586944943091066,0.07292937917611365,"[{'index': 9, 'rank': 1, 'step': 1250, 'weight': 0.10719571229540331}, {'index': 8, 'rank': 2, 'step': 1000, 'weight': 0.09333499862239336}, {'index': 22, 'rank': 3, 'step': 8000, 'weight': 0.08586479717205298}, {'index': 13, 'rank': 4, 'step': 2100, 'weight': 0.06693554298495992}, {'index': 7, 'rank': 5, 'step': 950, 'weight': 0.06050453825371354}]",0.87939453125,0.87939453125,0.8773642464917633,0.8875305623471883,0.8773642464917633,0.8875305623471883
success,421,domain,error_abstention_balance,error_abstention_balance__power_0p25,"Prefer checkpoints that stay uncertain when they are wrong, rather than being confidently wrong under shift.",power,0.25,0,False,0.87939453125,0.8773642464917633,0.8875305623471883,0.1348555790516946,0.07175673045875396,"[{'index': 0, 'rank': 1, 'step': 250, 'weight': 0.057876641982748105}, {'index': 1, 'rank': 2, 'step': 350, 'weight': 0.051381383401977086}, {'index': 19, 'rank': 3, 'step': 6650, 'weight': 0.04904980380142463}, {'index': 2, 'rank': 4, 'step': 450, 'weight': 0.04868932462722829}, {'index': 3, 'rank': 5, 'step': 600, 'weight': 0.04816395342344006}]",0.87939453125,0.87939453125,0.8773642464917633,0.8875305623471883,0.8773642464917633,0.8875305623471883
success,110,cluster,community_bridge_quality_guard,community_bridge_quality_guard__alpha_0p9,"Prefer inter-community bridges, but penalize members from poor-quality communities.",alpha,0.9,9,False,0.87939453125,0.8785845027455765,0.882640586797066,0.12423884298595408,0.08656060974262342,"[{'index': 3, 'rank': 1, 'step': 600, 'weight': 0.09272969237323749}, {'index': 0, 'rank': 2, 'step': 250, 'weight': 0.07048819891308547}, {'index': 17, 'rank': 3, 'step': 4550, 'weight': 0.05644749308678697}, {'index': 5, 'rank': 4, 'step': 850, 'weight': 0.050338958753385246}, {'index': 18, 'rank': 5, 'step': 5100, 'weight': 0.04737666351275034}]",0.87939453125,0.87939453125,0.8785845027455765,0.882640586797066,0.8785845027455765,0.882640586797066
success,203,consensus,consensus_barycenter,consensus_barycenter__temperature_0p02,Inverse JS distance to the family consensus prediction.,temperature,0.02,2,False,0.87939453125,0.8785845027455765,0.882640586797066,0.11528663813370396,0.05887699903560286,"[{'index': 9, 'rank': 1, 'step': 1250, 'weight': 0.048818973835468106}, {'index': 8, 'rank': 2, 'step': 1000, 'weight': 0.04726554150154149}, {'index': 7, 'rank': 3, 'step': 950, 'weight': 0.046193820349331456}, {'index': 13, 'rank': 4, 'step': 2100, 'weight': 0.04420605952553697}, {'index': 1, 'rank': 5, 'step': 350, 'weight': 0.04392360324952165}]",0.87939453125,0.87939453125,0.8785845027455765,0.882640586797066,0.8785845027455765,0.882640586797066
success,291,diversity,anchor_repulsion,anchor_repulsion__temperature_0p01,Prefer checkpoints far from the graph-diff anchor.,temperature,0.01,0,False,0.87890625,0.8755338621110433,0.8924205378973105,0.12079458342048631,0.07615296811867162,"[{'index': 17, 'rank': 1, 'step': 4550, 'weight': 0.05609553128901522}, {'index': 23, 'rank': 2, 'step': 13950, 'weight': 0.04968020284769849}, {'index': 20, 'rank': 3, 'step': 6800, 'weight': 0.04892635155264885}, {'index': 15, 'rank': 4, 'step': 3400, 'weight': 0.047900512106281094}, {'index': 16, 'rank': 5, 'step': 4100, 'weight': 0.047709944068602794}]",0.87890625,0.87890625,0.8755338621110433,0.8924205378973105,0.8755338621110433,0.8924205378973105
success,407,domain,cross_domain_entropy_committee,cross_domain_entropy_committee__alpha_0p5,Prefer checkpoints whose source-domain errors cancel the family residual while staying broad across domains.,alpha,0.5,6,False,0.87890625,0.8755338621110433,0.8924205378973105,0.10810785688724768,0.1079957890402557,"[{'index': 18, 'rank': 1, 'step': 5100, 'weight': 0.10899924919173055}, {'index': 0, 'rank': 2, 'step': 250, 'weight': 0.0770613845995706}, {'index': 21, 'rank': 3, 'step': 7450, 'weight': 0.07578019188650373}, {'index': 8, 'rank': 4, 'step': 1000, 'weight': 0.0710983402467034}, {'index': 1, 'rank': 5, 'step': 350, 'weight': 0.07014363889937986}]",0.87890625,0.87890625,0.8755338621110433,0.8924205378973105,0.8755338621110433,0.8924205378973105
success,615,subspace,pca_leverage,pca_leverage__power_1p25,Prefer high-leverage checkpoints in the principal subspace of the family trajectory.,power,1.25,4,False,0.87890625,0.8755338621110433,0.8924205378973105,0.10791401902061126,0.08660970953441843,"[{'index': 21, 'rank': 1, 'step': 7450, 'weight': 0.13807937118741007}, {'index': 4, 'rank': 2, 'step': 650, 'weight': 0.1283011405494279}, {'index': 22, 'rank': 3, 'step': 8000, 'weight': 0.08556783626984292}, {'index': 17, 'rank': 4, 'step': 4550, 'weight': 0.07945032749020442}, {'index': 20, 'rank': 5, 'step': 6800, 'weight': 0.0791810044639892}]",0.87890625,0.87890625,0.8755338621110433,0.8924205378973105,0.8755338621110433,0.8924205378973105
success,340,diversity,mean_pairwise_diversity,mean_pairwise_diversity__temperature_0p2,Prefer checkpoints far from the rest on average.,temperature,0.2,9,False,0.87890625,0.8767541183648566,0.8875305623471883,0.12006049993188933,0.056630656561430764,"[{'index': 17, 'rank': 1, 'step': 4550, 'weight': 0.17327418606933737}, {'index': 5, 'rank': 2, 'step': 850, 'weight': 0.15491976459456844}, {'index': 4, 'rank': 3, 'step': 650, 'weight': 0.12501155615242687}, {'index': 2, 'rank': 4, 'step': 450, 'weight': 0.07886473065675498}, {'index': 18, 'rank': 5, 'step': 5100, 'weight': 0.06903044145194703}]",0.87890625,0.87890625,0.8767541183648566,0.8875305623471883,0.8767541183648566,0.8875305623471883
success,712,trajectory,recurrence_weighting,recurrence_weighting__temperature_0p015,Prefer checkpoints that revisit earlier predictive states.,temperature,0.015,1,False,0.87890625,0.8767541183648566,0.8875305623471883,0.13252110240526638,0.0748280142160023,"[{'index': 0, 'rank': 1, 'step': 250, 'weight': 0.084904780302243}, {'index': 14, 'rank': 2, 'step': 3000, 'weight': 0.0493913232691794}, {'index': 13, 'rank': 3, 'step': 2100, 'weight': 0.0470588327783454}, {'index': 11, 'rank': 4, 'step': 1550, 'weight': 0.04603616980546874}, {'index': 8, 'rank': 5, 'step': 1000, 'weight': 0.04551668881057524}]",0.87890625,0.87890625,0.8767541183648566,0.8875305623471883,0.8767541183648566,0.8875305623471883
success,747,trajectory,velocity_minimizer,velocity_minimizer__power_2p0,Prefer checkpoints with low first-derivative norm in prediction space.,power,2.0,6,False,0.87890625,0.8773642464917633,0.8850855745721271,0.11336735307224745,0.0790549167627547,"[{'index': 21, 'rank': 1, 'step': 7450, 'weight': 0.054550151541656475}, {'index': 1, 'rank': 2, 'step': 350, 'weight': 0.054146172975688134}, {'index': 2, 'rank': 3, 'step': 450, 'weight': 0.05324355289218099}, {'index': 0, 'rank': 4, 'step': 250, 'weight': 0.050887950691582876}, {'index': 12, 'rank': 5, 'step': 2050, 'weight': 0.04893023942847513}]",0.87890625,0.87890625,0.8773642464917633,0.8850855745721271,0.8773642464917633,0.8850855745721271
success,580,robustness,source_jackknife_stability,source_jackknife_stability__power_6p0,Prefer checkpoints whose source-domain score stays stable under leave-one-domain-out perturbations.,power,6.0,9,False,0.87890625,0.8785845027455765,0.8801955990220048,0.11810684874050259,0.06823849515253756,"[{'index': 0, 'rank': 1, 'step': 250, 'weight': 0.5163362331356975}, {'index': 22, 'rank': 2, 'step': 8000, 'weight': 0.10965405125930246}, {'index': 15, 'rank': 3, 'step': 3400, 'weight': 0.08448378588760097}, {'index': 21, 'rank': 4, 'step': 7450, 'weight': 0.07073670516937412}, {'index': 18, 'rank': 5, 'step': 5100, 'weight': 0.03505604628602393}]",0.87890625,0.87890625,0.8785845027455765,0.8801955990220048,0.8785845027455765,0.8801955990220048
success,685,trajectory,novelty_decay,novelty_decay__alpha_0p3,Prefer checkpoints that add predictive novelty without drifting too far too late.,alpha,0.3,4,False,0.87890625,0.8785845027455765,0.8801955990220048,0.12628122510071627,0.06966415047645569,"[{'index': 1, 'rank': 1, 'step': 350, 'weight': 0.0583945391168594}, {'index': 6, 'rank': 2, 'step': 900, 'weight': 0.053209251023542216}, {'index': 4, 'rank': 3, 'step': 650, 'weight': 0.050766382012695746}, {'index': 3, 'rank': 4, 'step': 600, 'weight': 0.050476556582397046}, {'index': 5, 'rank': 5, 'step': 850, 'weight': 0.049517870948503684}]",0.87890625,0.87890625,0.8785845027455765,0.8801955990220048,0.8785845027455765,0.8801955990220048
success,703,trajectory,plateau_center,plateau_center__alpha_0p15,Prefer flat low-loss plateau centers instead of arbitrary late points.,alpha,0.15,2,False,0.87841796875,0.8737034777303234,0.8973105134474327,0.15492331123266212,0.0708681428883256,"[{'index': 4, 'rank': 1, 'step': 650, 'weight': 0.11178470913934874}, {'index': 15, 'rank': 2, 'step': 3400, 'weight': 0.11018186423349659}, {'index': 13, 'rank': 3, 'step': 2100, 'weight': 0.10661743233170003}, {'index': 21, 'rank': 4, 'step': 7450, 'weight': 0.08999942652390054}, {'index': 5, 'rank': 5, 'step': 850, 'weight': 0.08637220277812}]",0.87841796875,0.87841796875,0.8737034777303234,0.8973105134474327,0.8737034777303234,0.8973105134474327
success,221,consensus,hard_disagreement_specialist,hard_disagreement_specialist__temperature_0p01,Prefer checkpoints that are correct on the high-disagreement hard examples where the committee struggles.,temperature,0.01,0,False,0.87841796875,0.8767541183648566,0.8850855745721271,0.11923336164571485,0.07381015540171071,"[{'index': 1, 'rank': 1, 'step': 350, 'weight': 0.04454679178893487}, {'index': 3, 'rank': 2, 'step': 600, 'weight': 0.04277375246556538}, {'index': 21, 'rank': 3, 'step': 7450, 'weight': 0.04266727924640416}, {'index': 23, 'rank': 4, 'step': 13950, 'weight': 0.04227437936988475}, {'index': 10, 'rank': 5, 'step': 1300, 'weight': 0.04208177322847875}]",0.87841796875,0.87841796875,0.8767541183648566,0.8850855745721271,0.8767541183648566,0.8850855745721271
success,248,consensus,leave_one_out_stability,leave_one_out_stability__power_3p0,Prefer checkpoints whose leave-one-out committee stays closest to the full committee.,power,3.0,7,False,0.87841796875,0.8767541183648566,0.8850855745721271,0.12872071147072325,0.06893790168922488,"[{'index': 23, 'rank': 1, 'step': 13950, 'weight': 0.041666666666666664}, {'index': 22, 'rank': 2, 'step': 8000, 'weight': 0.041666666666666664}, {'index': 21, 'rank': 3, 'step': 7450, 'weight': 0.041666666666666664}, {'index': 20, 'rank': 4, 'step': 6800, 'weight': 0.041666666666666664}, {'index': 19, 'rank': 5, 'step': 6650, 'weight': 0.041666666666666664}]",0.87841796875,0.87841796875,0.8767541183648566,0.8850855745721271,0.8767541183648566,0.8850855745721271
success,281,consensus,trimmed_consensus_barycenter,trimmed_consensus_barycenter__trim_fraction_0p0,Consensus barycenter after trimming the most disagreeing support examples.,trim_fraction,0.0,0,False,0.87841796875,0.8767541183648566,0.8850855745721271,0.11845861528903702,0.10239043042940252,"[{'index': 8, 'rank': 1, 'step': 1000, 'weight': 0.044600133954331427}, {'index': 11, 'rank': 2, 'step': 1550, 'weight': 0.043387586148629705}, {'index': 1, 'rank': 3, 'step': 350, 'weight': 0.043074014924015316}, {'index': 9, 'rank': 4, 'step': 1250, 'weight': 0.04297004368956875}, {'index': 13, 'rank': 5, 'step': 2100, 'weight': 0.042931048073892156}]",0.87841796875,0.87841796875,0.8767541183648566,0.8850855745721271,0.8767541183648566,0.8850855745721271
success,502,error_structure,class_residual_orthogonality,class_residual_orthogonality__power_0p5,Prefer checkpoints whose per-class residual errors are orthogonal to the family mean.,power,0.5,1,False,0.87841796875,0.8767541183648566,0.8850855745721271,0.13337398457410474,0.07249545894500588,"[{'index': 17, 'rank': 1, 'step': 4550, 'weight': 0.08708273447208578}, {'index': 19, 'rank': 2, 'step': 6650, 'weight': 0.0760208647090633}, {'index': 9, 'rank': 3, 'step': 1250, 'weight': 0.06760736188739197}, {'index': 10, 'rank': 4, 'step': 1300, 'weight': 0.06412434886882605}, {'index': 18, 'rank': 5, 'step': 5100, 'weight': 0.060668275919345836}]",0.87841796875,0.87841796875,0.8767541183648566,0.8850855745721271,0.8767541183648566,0.8850855745721271
success,511,error_structure,confusion_complement,confusion_complement__temperature_0p01,Prefer checkpoints whose confusion pattern complements the family mean confusion matrix.,temperature,0.01,0,False,0.87841796875,0.8767541183648566,0.8850855745721271,0.11767253425880984,0.0876333335680621,"[{'index': 10, 'rank': 1, 'step': 1300, 'weight': 0.04294856414333011}, {'index': 11, 'rank': 2, 'step': 1550, 'weight': 0.042303942005798956}, {'index': 0, 'rank': 3, 'step': 250, 'weight': 0.04200158296758951}, {'index': 6, 'rank': 4, 'step': 900, 'weight': 0.04198822568306195}, {'index': 19, 'rank': 5, 'step': 6650, 'weight': 0.041947322535715245}]",0.87841796875,0.87841796875,0.8767541183648566,0.8850855745721271,0.8767541183648566,0.8850855745721271
success,735,trajectory,turning_point_emphasis,turning_point_emphasis__temperature_0p04,Prefer turning points and inflection points in the support/validation trajectory.,temperature,0.04,4,False,0.87841796875,0.8767541183648566,0.8850855745721271,0.12802570820203457,0.1002867353234847,"[{'index': 8, 'rank': 1, 'step': 1000, 'weight': 0.04245797303151077}, {'index': 5, 'rank': 2, 'step': 850, 'weight': 0.042360972403210496}, {'index': 6, 'rank': 3, 'step': 900, 'weight': 0.042188844400765965}, {'index': 3, 'rank': 4, 'step': 600, 'weight': 0.042093167559735224}, {'index': 7, 'rank': 5, 'step': 950, 'weight': 0.04183638087071129}]",0.87841796875,0.87841796875,0.8767541183648566,0.8850855745721271,0.8767541183648566,0.8850855745721271
success,157,cluster,community_medoid_plus_fringe,community_medoid_plus_fringe__alpha_0p5,Interpolate between medoid representatives and community fringes.,alpha,0.5,6,False,0.8779296875,0.8743136058572301,0.8924205378973105,0.12311683487839507,0.09584728244911223,"[{'index': 22, 'rank': 1, 'step': 8000, 'weight': 0.31878053766558034}, {'index': 5, 'rank': 2, 'step': 850, 'weight': 0.16666666851875467}, {'index': 13, 'rank': 3, 'step': 2100, 'weight': 0.16666666687830378}, {'index': 8, 'rank': 4, 'step': 1000, 'weight': 0.16666666666667623}, {'index': 0, 'rank': 5, 'step': 250, 'weight': 0.08939621630946021}]",0.8779296875,0.8779296875,0.8743136058572301,0.8924205378973105,0.8743136058572301,0.8924205378973105
success,723,trajectory,slope_sign_stability,slope_sign_stability__alpha_0p15,Prefer checkpoints whose local loss trend sign is stable rather than oscillatory.,alpha,0.15,2,False,0.87744140625,0.8749237339841367,0.8875305623471883,0.11717478350193837,0.07410028623808332,"[{'index': 18, 'rank': 1, 'step': 5100, 'weight': 0.09455355763856768}, {'index': 3, 'rank': 2, 'step': 600, 'weight': 0.09079093008263915}, {'index': 2, 'rank': 3, 'step': 450, 'weight': 0.09053567548645165}, {'index': 13, 'rank': 4, 'step': 2100, 'weight': 0.08964862295777953}, {'index': 15, 'rank': 5, 'step': 3400, 'weight': 0.08926808331370285}]",0.87744140625,0.87744140625,0.8749237339841367,0.8875305623471883,0.8749237339841367,0.8875305623471883
success,330,diversity,max_pairwise_diversity,max_pairwise_diversity__temperature_0p2,Prefer checkpoints with at least one very distant partner.,temperature,0.2,9,False,0.876953125,0.8730933496034167,0.8924205378973105,0.14663073130146434,0.06319289541795474,"[{'index': 17, 'rank': 1, 'step': 4550, 'weight': 0.2877286301992562}, {'index': 10, 'rank': 2, 'step': 1300, 'weight': 0.2877286301992562}, {'index': 18, 'rank': 3, 'step': 5100, 'weight': 0.07276077778249461}, {'index': 20, 'rank': 4, 'step': 6800, 'weight': 0.06568131002667937}, {'index': 5, 'rank': 5, 'step': 850, 'weight': 0.04739603545626303}]",0.876953125,0.876953125,0.8730933496034167,0.8924205378973105,0.8730933496034167,0.8924205378973105
success,559,robustness,cross_domain_error_cancellation,cross_domain_error_cancellation__temperature_0p15,Prefer checkpoints whose domain-loss vector cancels the family mean domain residual.,temperature,0.15,8,False,0.876953125,0.8755338621110433,0.882640586797066,0.12447870931647631,0.07345126944930613,"[{'index': 18, 'rank': 1, 'step': 5100, 'weight': 0.052559091834355434}, {'index': 8, 'rank': 2, 'step': 1000, 'weight': 0.050120631662944434}, {'index': 1, 'rank': 3, 'step': 350, 'weight': 0.04968088337242858}, {'index': 21, 'rank': 4, 'step': 7450, 'weight': 0.04797102401442227}, {'index': 0, 'rank': 5, 'step': 250, 'weight': 0.047824434580252984}]",0.876953125,0.876953125,0.8755338621110433,0.882640586797066,0.8755338621110433,0.882640586797066
success,597,subspace,low_rank_residual_keeper,low_rank_residual_keeper__temperature_0p07,Prefer checkpoints with useful residuals outside the family low-rank subspace.,temperature,0.07,6,False,0.87646484375,0.8730933496034167,0.8899755501222494,0.11199835823969555,0.12182535481553118,"[{'index': 22, 'rank': 1, 'step': 8000, 'weight': 0.5068859826627937}, {'index': 1, 'rank': 2, 'step': 350, 'weight': 0.4018320397549363}, {'index': 10, 'rank': 3, 'step': 1300, 'weight': 0.016455510258789764}, {'index': 7, 'rank': 4, 'step': 950, 'weight': 0.016366948374179097}, {'index': 11, 'rank': 5, 'step': 1550, 'weight': 0.015531011682804774}]",0.87646484375,0.87646484375,0.8730933496034167,0.8899755501222494,0.8730933496034167,0.8899755501222494
success,124,cluster,community_dispersion_guard,community_dispersion_guard__power_1p0,"Prefer members from tighter, less dispersed four-community neighborhoods.",power,1.0,3,False,0.87646484375,0.8743136058572301,0.8850855745721271,0.13331313403432268,0.08020737353994065,"[{'index': 20, 'rank': 1, 'step': 6800, 'weight': 0.05513996262026626}, {'index': 19, 'rank': 2, 'step': 6650, 'weight': 0.05513996262026626}, {'index': 18, 'rank': 3, 'step': 5100, 'weight': 0.047618239388302785}, {'index': 16, 'rank': 4, 'step': 4100, 'weight': 0.047618239388302785}, {'index': 15, 'rank': 5, 'step': 3400, 'weight': 0.047618239388302785}]",0.87646484375,0.87646484375,0.8743136058572301,0.8850855745721271,0.8743136058572301,0.8850855745721271
success,487,domain,source_residual_decorrelation,source_residual_decorrelation__temperature_0p07,Prefer checkpoints whose source-domain loss vector decorrelates from the family mean domain residual.,temperature,0.07,6,False,0.87646484375,0.8755338621110433,0.8801955990220048,0.12047989719357043,0.08127654065229312,"[{'index': 18, 'rank': 1, 'step': 5100, 'weight': 0.0675420562659623}, {'index': 8, 'rank': 2, 'step': 1000, 'weight': 0.06100484300000343}, {'index': 1, 'rank': 3, 'step': 350, 'weight': 0.05986363917629154}, {'index': 21, 'rank': 4, 'step': 7450, 'weight': 0.05553535742792503}, {'index': 0, 'rank': 5, 'step': 250, 'weight': 0.0551723399234591}]",0.87646484375,0.87646484375,0.8755338621110433,0.8801955990220048,0.8755338621110433,0.8801955990220048
success,320,diversity,early_late_axis_extreme,early_late_axis_extreme__temperature_0p2,Prefer checkpoints far from the family center along the early-to-late axis.,temperature,0.2,9,False,0.875,0.8785845027455765,0.8606356968215159,0.10797040024311236,0.07989185929548841,"[{'index': 0, 'rank': 1, 'step': 250, 'weight': 0.7538121341285168}, {'index': 23, 'rank': 2, 'step': 13950, 'weight': 0.2461855544277854}, {'index': 20, 'rank': 3, 'step': 6800, 'weight': 1.1784563944882101e-06}, {'index': 3, 'rank': 4, 'step': 600, 'weight': 3.721849790404044e-07}, {'index': 22, 'rank': 5, 'step': 8000, 'weight': 2.005005624912987e-07}]",0.875,0.875,0.8785845027455765,0.8606356968215159,0.8785845027455765,0.8606356968215159
success,347,diversity,min_pairwise_diversity,min_pairwise_diversity__temperature_0p07,Prefer checkpoints that stay away from their nearest neighbor.,temperature,0.07,6,False,0.8740234375,0.8706528370957901,0.8875305623471883,0.14890892332894215,0.12001897958146424,"[{'index': 4, 'rank': 1, 'step': 650, 'weight': 0.6805689086143215}, {'index': 21, 'rank': 2, 'step': 7450, 'weight': 0.16947583392870647}, {'index': 17, 'rank': 3, 'step': 4550, 'weight': 0.1160474850194204}, {'index': 20, 'rank': 4, 'step': 6800, 'weight': 0.01735507774570361}, {'index': 3, 'rank': 5, 'step': 600, 'weight': 0.00671940507484581}]",0.8740234375,0.8740234375,0.8706528370957901,0.8875305623471883,0.8706528370957901,0.8875305623471883
success,309,diversity,centroid_outlier,centroid_outlier__temperature_0p15,Prefer checkpoints far from the family centroid.,temperature,0.15,8,False,0.87158203125,0.8669920683343502,0.8899755501222494,0.145332431772759,0.08901292522351782,"[{'index': 6, 'rank': 1, 'step': 900, 'weight': 0.2425282524964599}, {'index': 20, 'rank': 2, 'step': 6800, 'weight': 0.18516889363831832}, {'index': 21, 'rank': 3, 'step': 7450, 'weight': 0.1667821646092418}, {'index': 22, 'rank': 4, 'step': 8000, 'weight': 0.08160143391076478}, {'index': 15, 'rank': 5, 'step': 3400, 'weight': 0.07053146268107095}]",0.87158203125,0.87158203125,0.8669920683343502,0.8899755501222494,0.8669920683343502,0.8899755501222494
success,137,cluster,community_fringe_committee,community_fringe_committee__temperature_0p07,Prefer peripheral representatives from the trajectory communities rather than their medoids.,temperature,0.07,6,False,0.8701171875,0.8657718120805369,0.8875305623471883,0.12419719013496965,0.09316797999023389,"[{'index': 22, 'rank': 1, 'step': 8000, 'weight': 0.5341298107667068}, {'index': 0, 'rank': 2, 'step': 250, 'weight': 0.2153960693283345}, {'index': 15, 'rank': 3, 'step': 3400, 'weight': 0.20797132920237596}, {'index': 6, 'rank': 4, 'step': 900, 'weight': 0.028957299317980575}, {'index': 21, 'rank': 5, 'step': 7450, 'weight': 0.009332597541277998}]",0.8701171875,0.8701171875,0.8657718120805369,0.8875305623471883,0.8657718120805369,0.8875305623471883
success,142,cluster,community_medoid_committee,community_medoid_committee__temperature_0p015,Prefer medoid-like representatives inside the dominant trajectory communities.,temperature,0.015,1,False,0.8681640625,0.863941427699817,0.8850855745721271,0.13248164555465283,0.0718041852648769,"[{'index': 17, 'rank': 1, 'step': 4550, 'weight': 0.3333333333333333}, {'index': 16, 'rank': 2, 'step': 4100, 'weight': 0.3333333333333333}, {'index': 4, 'rank': 3, 'step': 650, 'weight': 0.3333333333333333}, {'index': 13, 'rank': 4, 'step': 2100, 'weight': 9.604869854687788e-180}, {'index': 15, 'rank': 5, 'step': 3400, 'weight': 8.529973186824778e-189}]",0.8681640625,0.8681640625,0.863941427699817,0.8850855745721271,0.863941427699817,0.8850855745721271
success,100,cluster,community_bridge_committee,community_bridge_committee__temperature_0p2,Prefer checkpoints that sit near the boundaries between trajectory communities.,temperature,0.2,9,False,0.859375,0.8578401464307505,0.8655256723716381,0.11929670451787358,0.08518960868485835,"[{'index': 23, 'rank': 1, 'step': 13950, 'weight': 0.5748302091412641}, {'index': 18, 'rank': 2, 'step': 5100, 'weight': 0.129848506882744}, {'index': 0, 'rank': 3, 'step': 250, 'weight': 0.1047623407106954}, {'index': 16, 'rank': 4, 'step': 4100, 'weight': 0.03652270983580675}, {'index': 6, 'rank': 5, 'step': 900, 'weight': 0.032031330707837286}]",0.859375,0.859375,0.8578401464307505,0.8655256723716381,0.8578401464307505,0.8655256723716381
success,370,diversity,novelty_to_past,novelty_to_past__temperature_0p2,Prefer checkpoints that are novel relative to the past trajectory.,temperature,0.2,9,False,0.859375,0.8608907870652837,0.8533007334963325,0.14076252631729086,0.11018957660979584,"[{'index': 1, 'rank': 1, 'step': 350, 'weight': 0.8841691926559551}, {'index': 5, 'rank': 2, 'step': 850, 'weight': 0.06201102813706176}, {'index': 2, 'rank': 3, 'step': 450, 'weight': 0.011869715583567577}, {'index': 6, 'rank': 4, 'step': 900, 'weight': 0.011579422746571505}, {'index': 10, 'rank': 5, 'step': 1300, 'weight': 0.008357585373092773}]",0.859375,0.859375,0.8608907870652837,0.8533007334963325,0.8608907870652837,0.8533007334963325
success,377,diversity,pca_negative_extreme,pca_negative_extreme__temperature_0p07,Prefer the opposite extreme along the first principal trajectory direction.,temperature,0.07,6,False,0.85205078125,0.8547895057962172,0.8410757946210269,0.1199004014905351,0.10834288246491376,"[{'index': 0, 'rank': 1, 'step': 250, 'weight': 0.7647999872667759}, {'index': 2, 'rank': 2, 'step': 450, 'weight': 0.23360918872379746}, {'index': 5, 'rank': 3, 'step': 850, 'weight': 0.0006217491945380048}, {'index': 10, 'rank': 4, 'step': 1300, 'weight': 0.0005022525444892188}, {'index': 4, 'rank': 5, 'step': 650, 'weight': 0.0004625047152039061}]",0.85205078125,0.85205078125,0.8547895057962172,0.8410757946210269,0.8547895057962172,0.8410757946210269
success,360,diversity,novelty_to_future,novelty_to_future__temperature_0p2,Prefer checkpoints that look unlike what comes after them.,temperature,0.2,9,False,0.845703125,0.8389261744966443,0.8728606356968215,0.16420135852372783,0.13169791280221538,"[{'index': 22, 'rank': 1, 'step': 8000, 'weight': 0.8305594772153493}, {'index': 20, 'rank': 2, 'step': 6800, 'weight': 0.031749906899065414}, {'index': 10, 'rank': 3, 'step': 1300, 'weight': 0.02866433204359309}, {'index': 18, 'rank': 4, 'step': 5100, 'weight': 0.02721958554504041}, {'index': 5, 'rank': 5, 'step': 850, 'weight': 0.022546701916387222}]",0.845703125,0.845703125,0.8389261744966443,0.8728606356968215,0.8389261744966443,0.8728606356968215
success,589,subspace,convex_hull_proxy,convex_hull_proxy__temperature_0p15,Prefer checkpoints that expand the family envelope along leading principal axes.,temperature,0.15,8,False,0.84423828125,0.8431970713849909,0.8484107579462102,0.155543726913356,0.1522643200802703,"[{'index': 4, 'rank': 1, 'step': 650, 'weight': 0.9906701712780063}, {'index': 19, 'rank': 2, 'step': 6650, 'weight': 0.00834425396821471}, {'index': 2, 'rank': 3, 'step': 450, 'weight': 0.00037310394590949115}, {'index': 21, 'rank': 4, 'step': 7450, 'weight': 0.00028843665657194947}, {'index': 3, 'rank': 5, 'step': 600, 'weight': 0.00017612870496841498}]",0.84423828125,0.84423828125,0.8431970713849909,0.8484107579462102,0.8431970713849909,0.8484107579462102
success,389,diversity,pca_positive_extreme,pca_positive_extreme__temperature_0p15,Prefer one extreme along the first principal trajectory direction.,temperature,0.15,8,False,0.83740234375,0.835875533862111,0.843520782396088,0.18760725409194867,0.09954920711637545,"[{'index': 23, 'rank': 1, 'step': 13950, 'weight': 0.7407366669318168}, {'index': 19, 'rank': 2, 'step': 6650, 'weight': 0.16681475137370502}, {'index': 16, 'rank': 3, 'step': 4100, 'weight': 0.08352962356869086}, {'index': 20, 'rank': 4, 'step': 6800, 'weight': 0.004154800874911609}, {'index': 21, 'rank': 5, 'step': 7450, 'weight': 0.002834671233545996}]",0.83740234375,0.83740234375,0.835875533862111,0.843520782396088,0.835875533862111,0.843520782396088
